,ABC,nAcid,nBase,SpMax_A,SpMAD_A,VE1_A,VR1_A,nAromAtom,nSpiro,nBridgehead,nH,nB,nN,nO,nS,nP,nF,nCl,nBr,nI,AATS0dv,AATS0i,AATS3i,AATS4i,AATS5i,AATS6i,AATS7i,AATS8i,ATSC2c,ATSC3c,ATSC6c,ATSC1dv,ATSC2dv,ATSC3dv,ATSC4dv,ATSC5dv,ATSC6dv,ATSC7dv,ATSC8dv,ATSC1d,ATSC2d,ATSC3d,ATSC4d,ATSC5d,ATSC6d,ATSC7d,ATSC8d,ATSC1s,ATSC2s,ATSC3s,ATSC4s,ATSC5s,ATSC7s,ATSC8s,ATSC2Z,ATSC3Z,ATSC4Z,ATSC5Z,ATSC7Z,ATSC8Z,ATSC4v,ATSC5v,ATSC7v,ATSC8v,ATSC4se,ATSC7se,ATSC4p,ATSC7p,ATSC2i,ATSC3i,ATSC4i,ATSC5i,ATSC6i,ATSC7i,ATSC8i,GATS3c,GATS4c,GATS1d,GATS2d,GATS6d,GATS2s,GATS5s,GATS6s,GATS7s,GATS8s,GATS4v,GATS1se,GATS2i,GATS4i,GATS5i,GATS6i,GATS7i,BCUTc-1h,BCUTc-1l,BCUTdv-1l,BCUTd-1l,BCUTZ-1l,BalabanJ,PNSA1,PPSA1,FNSA2,FNSA3,WNSA1,RNCG,RPCG,RNCS,RPCS,C2SP1,C1SP2,C3SP2,C1SP3,C2SP3,C3SP3,C4SP3,Xch-6d,Xc-6d,AXp-1d,AXp-0dv,SM1_Dt,NsLi,NssBe,NssssBe,NssBH,NsssB,NssssB,NdCH2,NssCH2,NtCH,NdsCH,NddC,NaasC,NsNH3,NsNH2,NssNH2,NdNH,NssNH,NaaNH,NsssNH,NaaN,NsssN,NddsN,NaasN,NssssN,NsOH,NssO,NsSiH3,NssSiH2,NsssSiH,NssssSi,NsPH2,NssPH,NsssP,NdsssP,NsssssP,NsSH,NdS,NssS,NdssS,NsGeH3,NssGeH2,NsssGeH,NssssGe,NsAsH2,NssAsH,NsssAs,NsssdAs,NsssssAs,NsSeH,NdSe,NssSe,NaaSe,NdssSe,NddssSe,NsBr,NsSnH3,NssSnH2,NsssSnH,NssssSn,NsI,NsPbH3,NssPbH2,NsssPbH,NssssPb,SsLi,SssBe,SssssBe,SssBH,SsssB,SssssB,SdCH2,StCH,SsssCH,SddC,SsNH3,SssNH2,SdNH,SsssNH,SddsN,SssssN,SsSiH3,SssSiH2,SsssSiH,SssssSi,SsPH2,SssPH,SsssP,SdsssP,SsssssP,SsSH,SdS,SssS,SdssS,SsGeH3,SssGeH2,SsssGeH,SssssGe,SsAsH2,SssAsH,SsssAs,SsssdAs,SsssssAs,SsSeH,SdSe,SssSe,SaaSe,SdssSe,SddssSe,SsBr,SsSnH3,SssSnH2,SsssSnH,SssssSn,SsI,SsPbH3,SssPbH2,SsssPbH,SssssPb,MAXssNH,MINssNH,AETA_beta_s,ETA_beta_ns_d,AETA_eta,ETA_dAlpha_A,ETA_dEpsilon_D,ETA_dPsi_B,fMF,GeomDiameter,GeomShapeIndex,nHBDon,SIC3,ZMIC2,GhoseFilter,PEOE_VSA1,PEOE_VSA2,PEOE_VSA4,PEOE_VSA6,PEOE_VSA7,PEOE_VSA8,PEOE_VSA9,PEOE_VSA10,PEOE_VSA11,PEOE_VSA12,PEOE_VSA13,SMR_VSA4,SMR_VSA6,SMR_VSA8,SMR_VSA9,SlogP_VSA3,SlogP_VSA4,SlogP_VSA5,SlogP_VSA8,SlogP_VSA9,SlogP_VSA10,EState_VSA3,EState_VSA4,EState_VSA6,EState_VSA7,EState_VSA8,VSA_EState1,VSA_EState2,VSA_EState3,VSA_EState4,VSA_EState6,VSA_EState7,VSA_EState9,MDEN-22,AMID_h,PBF,n5Ring,n7Ring,n8Ring,n9Ring,n10Ring,n11Ring,n12Ring,nG12Ring,n3HRing,n7HRing,n8HRing,n9HRing,n10HRing,n11HRing,n12HRing,nG12HRing,n3aRing,n4aRing,n5aRing,n7aRing,n8aRing,n9aRing,n10aRing,n11aRing,n12aRing,nG12aRing,n3aHRing,n4aHRing,n7aHRing,n8aHRing,n9aHRing,n10aHRing,n11aHRing,n12aHRing,nG12aHRing,nARing,n5ARing,n7ARing,n8ARing,n9ARing,n10ARing,n11ARing,n12ARing,nG12ARing,nAHRing,n3AHRing,n7AHRing,n8AHRing,n9AHRing,n10AHRing,n11AHRing,n12AHRing,nG12AHRing,n4FRing,n5FRing,n6FRing,n7FRing,n8FRing,n10FRing,n11FRing,n4FHRing,n5FHRing,n6FHRing,n7FHRing,n8FHRing,n10FHRing,n11FHRing,n4FaRing,n5FaRing,n6FaRing,n7FaRing,n8FaRing,n10FaRing,n11FaRing,n4FaHRing,n5FaHRing,n6FaHRing,n7FaHRing,n8FaHRing,n10FaHRing,n11FaHRing,n4FARing,n5FARing,n6FARing,n7FARing,n8FARing,n10FARing,n11FARing,n12FARing,nG12FARing,n4FAHRing,n5FAHRing,n6FAHRing,n7FAHRing,n8FAHRing,n10FAHRing,n11FAHRing,n12FAHRing,nG12FAHRing,nRot,RotRatio,SLogP,JGI2,JGI4,JGI5,JGI6,JGI7,JGI8,JGI9,JGI10,TopoShapeIndex,TSRW10
26,16.40135533773319,0,0,2.351515183228859,1.311378431951641,3.989247983150193,179.9863992135125,12,0,0,15,0,3,2,0,0,0,0,0,0,8.277777777777779,161.3082566066315,161.0730895445643,165.3405662696006,160.1909724301531,155.98702159013,159.5397368834279,164.3457554995348,0.322926758447268,-0.2177900954252517,0.2698161196429607,30.46913580246913,9.753086419753089,-5.506172839506174,-32.48148148148148,-6.469135802469138,-55.65432098765432,-1.85185185185185,44.58024691358024,3.158950617283951,-8.443672839506172,-1.737654320987654,2.386574074074074,-1.693672839506173,-2.72608024691358,0.8773148148148147,0.3881172839506182,-2.293038408779148,7.9465877914952,-11.02743484224966,-10.46322016460905,-8.210819615912209,-7.54449588477366,36.22007887517147,-25.13580246913577,26.1604938271605,-77.03703703703704,51.97530864197532,-47.51851851851853,104.2469135802469,-91.04269759367932,526.8395976935246,-385.1494473267147,339.1627417926413,-0.5899798981481452,-0.2679953796296307,0.836980925818025,-1.789425691744178,-19.32328895739227,-24.62177587112128,21.7467753146111,5.408716359421453,6.166845763268978,-12.07878882075945,-2.613338596870976,1.337538477812587,1.394554887972759,0.8910891089108911,1.387761726992371,0.9558955895589559,0.5494916149178738,1.301051265156804,1.209754552585986,0.766814248486335,0.4202940099377833,0.9147258973516649,0.691893679548596,1.273836273087299,0.8278004767720955,0.8963844642816511,0.9398146383946225,1.076926686611427,0.4102278021848671,-0.3639001343696936,1.899999999999998,0.9772378582122249,5.699655266298035,1.35432911293453,418.2225433957398,76.27995910784212,-1.537390966971243,-0.0875268882492766,206.8120943126062,0.1771098797597346,0.1412298430431335,64.62105509363282,59.88236674398655,0,4,1,0,2,1,0,0.3712879178910342,0.0,0.444362899591838,0.5416226743574959,0,0,0,0,0,0,0,0,2,0,0,0,3,0,0,0,0,2,0,0,1,0,0,0,0,0,0,0,0,0,0,0,0,0,0,0,0,0,0,0,0,0,0,0,0,0,0,0,0,0,0,0,0,0,0,0,0,0,0,0,0,0,0,0,0,0,0,0,0,0,0,0,0,0.1322738598495476,0,0,0,0,0,0,0,0,0,0,0,0,0,0,0,0,0,0,0,0,0,0,0,0,0,0,0,0,0,0,0,0,0,0,0,0,0,0,0,0,0,0,0,0,0,2.780387088477366,2.737939786834538,0.6428571428571429,1.0,0.5900586091476999,0,0.04610075914423739,0,0.5277777777777778,13.92976604613301,0.9317861100540878,2,0.920722643741086,28.32424261510271,True,10.63357720801266,9.589074368143644,0.0,18.19910120538483,37.10711151969846,17.80213589245803,5.563451491696996,5.817862777835028,0.0,5.907179729351506,5.907179729351506,5.917906046161393,10.63357720801266,0,0.0,4.794537184071822,5.917906046161393,23.19963192162084,0.0,0,11.50524905251859,11.38131426953202,18.52902952053558,12.13273413692322,30.33183534230805,15.61755572895987,0.0,27.73043347974181,5.518326875311904,1.177672857595747,12.50236616289036,3.354743762450986,0.0,0.8254818122236568,0.4575663036952555,0.2917737945823314,0,0,0,0,0,0,0,0,0,0,0,0,0,0,0,0,0,0,0,0,0,0,0,0,0,0,0,0,0,0,0,0,0,0,0,1,0,0,0,0,0,0,0,0,0,0,0,0,0,0,0,0,0,0,0,0,0,0,0,0,0,0,0,0,0,0,0,0,0,0,0,0,0,0,0,0,0,0,0,0,0,0,0,0,0,0,0,0,0,0,0,0,0,0,0,0,0,0,0,4,0.1739130434782609,2.6824,0.0654761904761905,0.04036231884057972,0.02386473429951691,0.009514739229024939,0.01464002267573696,0.009573594395022965,0.007216610549943884,0.007413982700177986,0.8571428571428571,72.95082713542247
5,20.81040496599649,0,0,2.411798972226375,1.257524040653257,4.763671231191799,169.9071266294388,12,0,0,15,0,5,3,0,0,1,1,0,0,10.80011757789536,166.9889617382889,164.4347270857681,168.6937629469687,166.3779056415292,163.4676325193147,164.293889966254,166.5030262540428,0.2118399172545662,-0.299728564963088,0.714083307716691,57.80328098317518,63.37126620195404,37.18140589569161,-66.15601466924215,-71.45863777609807,12.6853951457126,-12.01198174743148,-34.56468183981411,7.851473922902494,-2.391723356009073,-3.627551020408163,0.2437641723356002,0.2789115646258504,0.06462585034013471,-9.232426303854876,-13.4297052154195,-3.803979512345507,12.40943531936983,-24.31750405923687,-4.599348050961476,-48.30494731805236,-24.04290703224338,68.8871091062041,61.67120181405897,105.2040816326531,14.0702947845805,-207.5986394557823,44.73696145124718,81.75736961451254,-297.6371524200198,-115.7342619444991,222.6855405181068,-522.126441533146,1.316127029478459,-1.263889327664399,-1.267818432879001,-0.0443101401284999,-24.43967219904635,-26.02694787148663,20.1809812675278,-2.818407960989593,4.352771077558818,-21.57821361154879,19.39758096491332,1.249378397040542,0.9389035725823865,0.8118890000769763,1.160308165674828,0.9720575783234546,0.5689499698987162,1.244345495686601,0.6751768157566972,1.038862948757314,0.9010498971830712,0.9139449622260748,0.6488594006628375,1.172042993258471,0.9616855457743888,1.008826908618121,0.934146214990547,1.1221838437354,0.4463441772805979,-0.3609452368683531,0.7740031651810859,0.9771528068042011,5.693606454213728,1.626252074033887,426.3164195521168,310.8718516754904,-1.481640617424567,-0.07535866339711669,314.2754643255684,0.1380315545670519,0.1066430909383059,101.8239736341527,79.08204630927472,0,4,1,0,2,1,0,0.3219752754296894,0.0,0.4448650311436172,0.5530368467685052,0,0,0,0,0,0,0,0,2,0,0,0,6,0,0,0,0,3,0,0,2,0,0,0,0,0,0,0,0,0,0,0,0,0,0,0,0,0,0,0,0,0,0,0,0,0,0,0,0,0,0,0,0,0,0,0,0,0,0,0,0,0,0,0,0,0,0,0,0,0,0,0,0,-0.06881544695217157,0,0,0,0,0,0,0,0,0,0,0,0,0,0,0,0,0,0,0,0,0,0,0,0,0,0,0,0,0,0,0,0,0,0,0,0,0,0,0,0,0,0,0,0,0,2.568500943072702,2.365690044021724,0.6574074074074074,2.0,0.729964675008427,0,0.06259259259259242,0,0.4523809523809524,12.47484661468829,0.7962874840185906,3,0.9348504886219082,30.34577386337011,True,15.95036581201899,14.38361155221547,0.0,17.66730695869413,24.97437738277524,19.03194509730019,16.27347108012188,5.817220841045895,11.51179077268349,5.907179729351506,11.81435945870301,5.917906046161393,17.68124919068985,0,0.0,4.794537184071822,11.73512688720729,33.68809710054111,0.0,0,15.89566410019341,0.0,18.90801031431363,0.0,0.0,26.14772942862107,13.96644273465431,36.33475133631488,14.78846375265748,-0.6065732867220954,5.103431693456599,1.593179158413993,1.38107900992506,3.221970074886271,0.6978450710492898,0.5314653978518643,0,0,0,0,0,0,0,0,0,0,0,0,0,0,0,0,0,0,0,0,0,0,0,0,0,0,0,0,0,0,0,0,0,0,0,1,0,0,0,0,0,0,0,0,0,0,0,0,0,0,0,0,0,0,0,0,0,0,0,0,0,0,0,0,0,0,0,0,0,0,0,0,0,0,0,0,0,0,0,0,0,0,0,0,0,0,0,0,0,0,0,0,0,0,0,0,0,0,0,5,0.1724137931034483,2.2295,0.08918128654970761,0.03272357723577236,0.03029320987654321,0.01760617760617761,0.0164695945945946,0.009909699476498418,0.009086835232668568,0.008047520661157024,1.0,80.52640520040238
12,23.12075189264614,0,0,2.500036618508238,1.268694347085653,4.211544185100094,399.7100539327599,15,0,0,22,0,6,4,1,0,0,0,0,0,8.596949891067538,166.0208251259525,162.9299108659538,165.340045402152,166.2202819893184,166.6347439478259,166.9213027836507,165.1516755676932,0.6288362781627503,-0.1390631249431685,-0.2790510236778718,57.79905164680252,113.6078004186424,2.734033918578323,49.88495877653893,-45.47080182835662,-96.22529796232219,-16.58930325943013,-52.12213251313597,5.510957324106113,-2.550557477893117,-0.4179161860822764,-2.631680123029603,2.541330257593234,5.399077277970012,2.726259131103423,-14.80853517877739,-15.65370651205694,55.40887434346502,-31.63783569050419,1.69604098666281,-34.67863723934394,-13.26202344355264,-21.30455720575974,-88.35447904652055,-81.1826220684352,13.87812379853897,-158.3802383698578,78.15763168012302,97.1130334486736,377.5561758088404,-63.06888110885203,393.7501020287914,238.3408925545023,-0.4998039777008776,0.128256944252214,-0.4137751311473804,3.091211314097685,-4.414860638611731,-16.25510524222757,-9.118508411186564,7.355680544983135,-10.61718799034911,10.03867481143058,9.184885257168498,0.9565566286986013,1.022760043452283,1.045559292476333,1.232468884414752,0.851667600896861,0.4670091990700953,1.209799895127586,1.114751765050581,0.773267750514128,0.9491248237654883,0.9512214290868938,0.651190613281025,1.210279854118654,1.006100635552238,0.925292415371663,1.007283004675383,0.9084349973255421,0.4859140431250653,-0.4067445763464847,0.6119860882355468,0.9682103887382962,5.730261395295663,1.33317517998579,388.6219473349974,634.6858605607661,-1.089451127721262,-0.06567702710936801,397.679873027559,0.1141037767814594,0.1141545973937036,191.9830946110491,68.49785843569913,0,4,0,1,5,1,0,0.4697475008162449,0.0,0.4312076547686606,0.5758280807178418,0,0,0,0,0,0,0,0,5,0,0,0,2,0,0,0,0,1,2,0,2,0,0,1,0,0,0,0,0,0,0,0,0,0,0,0,0,0,0,0,0,0,0,0,0,0,0,0,0,0,0,0,0,0,0,0,0,0,0,0,0,0,0,0,0,0,0,0,0,0,0,0,0,0.06366262510465481,0,0,0,0,0,0,0,0,0,0,0,0,0,0,0,0,0,0,0,0,0,0,0,0,0,0,0,0,0,0,0,0,0,0,0,0,0,0,0,0,0,0,0,0,0,2.874616431614989,2.874616431614989,0.6982758620689655,1.5,0.8914132251391643,0,0.05603448275862055,0,0.4313725490196079,13.81370177070578,0.8193637740566964,3,0.9006031301284837,30.87678212787364,True,15.28474564590075,9.361636831863176,4.983978520947209,0.0,43.73392667478866,18.49445358427244,11.94969717835987,21.04134012871733,5.647177220767728,5.948339280986494,5.559266895052008,5.917906046161393,17.32541139426452,0,0.0,9.837253136417502,5.917906046161393,31.725127320852,11.16387793838399,0,11.63572555567006,29.69290745891957,12.84164324585202,16.69983378471457,0.0,25.25270268779516,24.70207953149893,38.34868931092957,2.874616431614989,0.7149955791547549,3.234481203131824,7.192654271440451,-3.008446838697525,2.927889113552356,0.7455944856065423,0.2863683116797207,1,0,0,0,0,0,0,0,0,0,0,0,0,0,0,0,0,0,1,0,0,0,0,0,0,0,0,0,0,0,0,0,0,0,0,1,0,0,0,0,0,0,0,0,0,0,0,0,0,0,0,0,0,0,0,0,0,0,0,0,0,0,0,0,0,0,0,0,0,0,0,0,0,0,0,0,0,0,0,0,0,0,0,0,0,0,0,0,0,0,0,0,0,0,0,0,0,0,0,5,0.15625,1.3274,0.06619385342789602,0.04332041343669252,0.02033875338753388,0.02146325196745364,0.01643990929705215,0.01573606434717546,0.007566638608305276,0.008254259769411283,0.875,79.07940612650354
15,27.51286326411854,0,0,2.492886980119527,1.336666362605123,4.823638431573,530.6610071212913,21,0,0,24,0,7,3,0,0,1,0,0,0,9.322033898305085,166.4351940959234,162.3056157000153,165.7310105573873,164.6426491758274,166.656212726586,164.3962153074453,162.5214943687976,-0.2856589930964811,0.3026861865427688,0.1877044625419033,61.10657856937666,35.96236713588053,86.37374317724793,20.2533754668199,-19.80120654984198,-71.87991956334385,-104.2473427176099,-133.7908646940535,12.53145647802356,0.942545245619072,2.770755530020108,4.195346164895145,5.070094800344727,1.363688595231254,-12.12209135305947,-19.6638896868716,-9.704634683520062,-11.55809314054071,43.61651345398831,-20.65653228638003,-33.59927702767406,-7.844728526285563,14.19860193431006,-16.71559896581446,78.86526860097669,49.28727377190462,21.33438667049694,-78.19649525998281,-181.6722206262569,490.9121800245004,188.3053356230603,-179.2287142256543,-1154.640158017839,-0.6490515047400177,-0.3856492502154624,1.908094909054288,0.5018416048040446,-21.54981158429559,-0.1457721546269332,8.475790466527695,-35.33865359112658,14.12705386024695,12.28223753455159,-6.522469809251763,0.8864186480332269,1.005233826805382,0.7099477940732691,1.144521898324179,1.092028788701792,0.7167693548706379,1.256955818287599,1.384650437941078,1.251740829609077,0.8859121551957427,0.9010046637928518,0.7884283590491596,1.155192303354954,0.9653656028578812,1.249392173393379,1.179237876307784,1.266311065328163,0.4403333859565964,-0.4371734684409794,1.855812009974182,0.9776334805375717,5.708254989661455,1.310890040725451,393.6383062994037,274.9291310303706,-1.950527169556166,-0.1191640777011898,263.1737536774251,0.1182133530967597,0.07481388130374425,408.8626965115275,61.57364048479258,0,7,3,4,3,0,0,0.4971938745990654,0.0,0.4376208523939216,0.5372204182085335,0,0,0,0,0,0,0,0,6,0,0,0,7,0,0,0,0,1,0,0,4,1,0,1,0,2,0,0,0,0,0,0,0,0,0,0,0,0,0,0,0,0,0,0,0,0,0,0,0,0,0,0,0,0,0,0,0,0,0,0,0,0,0,0,0,0,0,0,0,0,0,0,0,-0.2544837595532039,0,0,0,0,0,0,0,0,0,0,0,0,0,0,0,0,0,0,0,0,0,0,0,0,0,0,0,0,0,0,0,0,0,0,0,0,0,0,0,0,0,0,0,0,0,3.148622212773998,3.148622212773998,0.6857142857142857,1.0,0.8652087668495625,0,0.04559613319011802,0,0.4745762711864407,15.47479372043453,0.9406035513086108,3,0.9596630063048001,28.85899135079772,True,20.42975312453822,9.77851570501903,5.098681808301038,6.06636706846161,36.60419594293384,43.28533584750933,23.88387774543925,12.30080995936138,17.45948811688085,5.907179729351506,0.0,0.0,25.0131833803444,0,22.64523547624238,11.40141914858474,5.817220841045895,18.40509473754901,28.16193619385864,0,10.20827782550985,42.62151053276816,5.516700717616262,27.87536183615386,18.19910120538483,25.36740597514899,17.47003329972399,26.66893590940602,26.22884555394701,2.350142543143085,6.963191591838466,7.833106863550553,0.0,2.372551403131775,0.623506098665216,0.3993186304607668,1,0,0,0,0,0,0,0,0,0,0,0,0,0,0,0,0,0,1,0,0,0,0,0,0,0,0,0,0,0,0,0,0,0,0,1,0,0,0,0,0,0,0,0,1,0,0,0,0,0,0,0,0,0,0,0,0,0,0,0,0,0,0,0,0,0,0,0,0,0,0,0,0,0,0,0,0,0,0,0,0,0,0,0,0,0,0,0,0,0,0,0,0,0,0,0,0,0,0,6,0.1538461538461539,1.8799,0.07272727272727275,0.03493055555555555,0.02144249512670565,0.01789000345901072,0.01063456632653061,0.008010763373037591,0.007115533000949667,0.005978544463392948,1.0,85.66054101196465
6,20.63206548103401,0,0,2.403845905388504,1.291365055715257,4.680104884844479,186.4526879686638,12,0,0,20,0,4,4,0,0,0,0,0,0,8.893617021276595,163.7066212903187,158.9849921385877,162.0483717152834,161.185313380619,163.7745411713508,159.0846487449172,161.8614213645318,0.2580719496929295,-0.520058405236889,0.6114059378722713,64.37301946582166,43.06971480307832,1.399275690357633,-62.78089633318243,-47.03983703033044,4.763693979176104,9.107741059302846,-25.93617021276595,11.65731100045269,-1.154368492530554,-5.543684925305568,-4.397012222725214,-1.243096423721139,4.149388863739248,-7.983250339520145,-14.80851063829787,-4.439376791911876,9.119963784517882,-16.21289170564861,-13.33666566068106,-29.6333936924702,-7.241637744580254,47.30732860520095,33.02716161158893,80.03757356269807,-112.6957899502037,-59.67813490267089,75.76731552738796,-47.85106382978723,-614.4424757072561,-189.9666903285471,177.4968824903513,-624.1614917091615,0.3549641339972724,-0.5593916794929809,-0.9512643831748817,-1.097259192459337,2.55751494710788,-32.8940496860392,21.54171906863393,-20.76070420457625,38.57214769927776,-26.69635773298209,-0.1040682886609159,1.32283796124524,0.9156628662649571,0.739757900179446,1.198202309985097,0.907180993445517,0.593611058695883,1.210750956828429,1.000215487654172,0.906783374253314,0.9268571698135464,1.012477147536838,0.7600110344847877,1.084160466770238,0.9290599009718965,1.16451774390364,0.792251093981353,1.1580605402927,0.4299986947558525,-0.5281540205331825,0.9955330778089495,0.9771529751195271,5.693652654414813,1.608219916878007,359.7389758445872,327.7260783662633,-1.46463994568923,-0.0738685384487764,247.3079745307548,0.1771827054373644,0.09251593504244124,22.59418915550925,28.59854160692515,0,5,2,0,2,1,0,0.3372672270190455,0.0,0.4492554173483698,0.5568841557057737,0,0,0,0,0,0,0,0,2,0,0,0,5,0,0,0,0,3,0,0,1,0,0,0,0,0,1,0,0,0,0,0,0,0,0,0,0,0,0,0,0,0,0,0,0,0,0,0,0,0,0,0,0,0,0,0,0,0,0,0,0,0,0,0,0,0,0,0,0,0,0,0,0,0.01114629164593084,0,0,0,0,0,0,0,0,0,0,0,0,0,0,0,0,0,0,0,0,0,0,0,0,0,0,0,0,0,0,0,0,0,0,0,0,0,0,0,0,0,0,0,0,0,2.706238425925926,2.503427526874948,0.6574074074074074,1.5,0.7313128541374921,0,0.05728395061728386,0,0.4042553191489361,10.6885502913164,0.6442487606010167,3,0.9176078014868952,28.78100746988455,True,20.68722876581904,14.38361155221547,0.0,12.13273413692322,24.97437738277524,25.22878866891327,23.92408679935509,11.56737461111893,0.0,5.907179729351506,11.81435945870301,5.917906046161393,24.79104673196738,0,5.749511833283905,4.794537184071822,5.917906046161393,33.55762059738966,0.0,0,11.50524905251859,11.3129633249809,12.84164324585202,24.26546827384644,0.0,20.9343443329662,5.203215488866192,40.84821072202476,7.913860964138742,0.7497748173343421,8.221968632540976,3.039968610871632,2.955321715828674,1.573672595132473,0.5614395731491748,0.6594514591364331,0,0,0,0,0,0,0,0,0,0,0,0,0,0,0,0,0,0,0,0,0,0,0,0,0,0,0,0,0,0,0,0,0,0,0,1,0,0,0,0,0,0,0,0,0,0,0,0,0,0,0,0,0,0,0,0,0,0,0,0,0,0,0,0,0,0,0,0,0,0,0,0,0,0,0,0,0,0,0,0,0,0,0,0,0,0,0,0,0,0,0,0,0,0,0,0,0,0,0,6,0.2068965517241379,2.050599999999999,0.08558558558558561,0.03376388888888889,0.02888157894736842,0.01696145124716553,0.01369598765432099,0.009962477054313787,0.008995811287477956,0.007448347107438017,1.0,80.38198232663474
1,17.95346827054888,0,0,2.481106037172237,1.246964329020416,3.925606373723659,230.400000930464,15,0,0,18,0,6,1,0,0,0,0,0,0,8.0,166.1004657692435,158.9731602833812,164.9771322788685,164.9422448223005,166.8428963583035,163.5764852753533,164.219835603796,0.02483982260616558,0.1596144483910969,0.7093042487115078,74.0,60.0,5.0,4.0,-80.0,25.0,-98.0,-64.0,13.62343842950624,4.912552052349797,-2.176085663295654,-10.17251635930993,-9.696014277215946,-3.126710291493157,-3.303985722784057,-9.710291493158834,-7.448641681538765,17.50343710754181,-8.117952277083749,23.20842421838853,-16.59395862251305,-22.50902240729724,-9.541741027166363,124.0,-65.0,94.0,-221.0,-145.0,-65.0,182.4487308154989,-1139.564411795734,-430.2508788875259,-105.2218057762265,1.222488816180844,-1.463886798334327,0.05933903909610205,-0.7593913084519418,-6.734324495762286,-5.888898186914814,-4.852523341741218,-10.01789817006703,10.5825650935998,2.192092076917324,2.175928181479917,0.9459302091708557,0.9146084933792565,0.6664166041510378,1.138371447321924,1.054230949041608,0.4458470564987581,0.802859654323072,0.5618370273584287,1.468605632867564,1.255800224894394,0.9141209726587198,0.8797189995465379,1.180910151054079,1.040533855687768,1.140969302791633,0.8476768353404905,1.011362047433137,0.4447473733680028,-0.4096373580919443,0.9950271771848883,0.9728248604892895,5.686307626110329,1.636554512464743,341.1345718196359,166.096126505803,-1.509599546295951,-0.09944600934510041,173.0339270870235,0.1715032502522928,0.1196474021059836,95.42279451116069,77.39719123570357,0,4,2,2,0,0,0,0.302749430154621,0.0,0.4389426219294533,0.5745213344391954,0,0,0,0,0,0,0,0,0,0,0,0,6,0,1,0,0,2,0,0,2,0,0,1,0,0,0,0,0,0,0,0,0,0,0,0,0,0,0,0,0,0,0,0,0,0,0,0,0,0,0,0,0,0,0,0,0,0,0,0,0,0,0,0,0,0,0,0,0,0,0,0,0,0.0,0,0,0,0,0,0,0,0,0,0,0,0,0,0,0,0,0,0,0,0,0,0,0,0,0,0,0,0,0,0,0,0,0,0,0,0,0,0,0,0,0,0,0,0,0,3.256532501889645,3.055713813303099,0.6630434782608695,1.0,0.7234828844048629,0,0.079656468062265,0,0.3902439024390244,10.1506761247712,0.6510054125490286,3,0.889535176469863,26.43351376991834,True,16.36724468517485,4.794537184071822,0.0,6.06636706846161,37.10711151969846,18.80142532582236,11.88422984629664,5.693927994848461,11.46503999860276,0.0,5.907179729351506,5.733667477162185,17.68124919068985,0,0.0,0.0,13.84747439938125,21.61536816231427,5.647177220767728,0,17.19263532720215,11.46503999860276,22.50167553276112,7.04767198267719,32.04657560476608,26.78260460572251,1.443605442176871,15.71158089822502,10.73411895313681,10.15085913765568,7.994371874885042,1.422718358948518,1.786257191148064,1.785490326926426,0.6014572360168539,0.3124391038866253,1,0,0,0,0,0,0,0,0,0,0,0,0,0,0,0,0,0,1,0,0,0,0,0,0,0,0,0,0,0,0,0,0,0,0,0,0,0,0,0,0,0,0,0,0,0,0,0,0,0,0,0,0,0,0,0,0,0,0,0,0,0,0,0,0,0,0,0,0,0,0,0,0,0,0,0,0,0,0,0,0,0,0,0,0,0,0,0,0,0,0,0,0,0,0,0,0,0,0,4,0.16,2.23034,0.06172839506172842,0.04079365079365078,0.0337037037037037,0.01892500209960528,0.01381802721088435,0.01425257051674285,0.01224633487654321,0.004115226337448559,1.0,71.49875185680514
23,17.23602933533458,0,3,2.465598045408217,1.236262249991095,4.134027911242167,180.2848554983286,5,0,0,23,0,5,2,1,0,0,0,0,0,6.098765432098766,168.0591038816184,164.6490128409399,166.0507944707965,166.4826097836663,166.7293587030717,168.96711754889,172.3775151507904,0.3060546750597931,-0.3685505142855688,0.1258902791436859,21.64323731138545,60.83945130315501,-21.76389574759945,-31.13722908093277,-144.6995884773663,-10.6090534979424,40.15626886145404,22.1837585733882,8.689876543209877,-1.379753086419749,-6.900246913580244,-6.851358024691359,-3.051851851851852,-3.237037037037037,1.070123456790123,5.504197530864197,-16.77082943826314,42.58210812206812,-18.43102330268083,-7.37766596386052,-49.06626530508561,10.34173555013632,-2.256945037172512,-27.60444444444449,-86.40888888888888,-210.2488888888889,-190.8,46.2577777777778,139.7511111111111,-158.2852745642306,-557.9694345618238,117.9483158194782,588.2145377110127,-0.7913369506172828,0.1922489753086402,-2.618523474537497,-1.906188472417931,1.749218698056638,-24.98632708299861,19.45275502094794,-5.156072310973933,-2.609269966529254,-19.80071957008517,20.48479727597358,1.23733011599744,0.8550506731853964,1.066114084323196,1.3153623912113,0.860429447852761,0.5091673162934583,1.586522637770683,0.5323132703840338,0.5190852816114191,1.59402840415124,1.016716728064633,0.672389530398101,1.195929118570881,0.9276473277747018,0.9339738936422843,0.9606206278975994,1.024762086714376,0.4190850466257205,-0.3764241848180925,0.6398641399515693,0.971580965278478,5.740577669327233,1.475905353866735,357.3569848964083,383.1757049262681,-0.9843883027255536,-0.06595691615707455,264.6345292522589,0.1705277966330091,0.1036005921953381,159.947720449356,8.261057683137393,0,2,1,3,5,0,0,0.498163644084637,0.0,0.4374638241279509,0.6240089719637809,0,0,0,0,0,0,0,0,4,0,1,0,2,0,0,0,0,2,1,0,0,1,0,0,0,0,0,0,0,0,0,0,0,0,0,0,0,0,0,0,0,0,0,0,0,0,0,0,0,0,0,0,0,0,0,0,0,0,0,0,0,0,0,0,0,0,0,0,0,0,0,0,0,0.3874220259091282,0,0,0,0,0,0,0,0,0,0,0,0,0,0,0,0,0,0,0,0,0,0,0,0,0,0,0,0,0,0,0,0,0,0,0,0,0,0,0,0,0,0,0,0,0,3.090749481710708,2.784167690224238,0.6818181818181818,0.0,0.9254430539897212,0,0.06872727272727253,0,0.3111111111111111,12.39148470886358,0.8903934741894605,3,0.89677730284448,26.29722886763281,True,10.30076712495354,9.892314463486148,0.0,6.923737199690624,32.37650391991683,23.84397672160599,12.09138896926867,11.98363838996956,0.0,10.02329115340758,0.0,4.992404732635669,18.11731419343031,0,0.0,10.02329115340758,0.0,37.91542917230018,0.0,0,5.817862777835028,12.46266245207397,24.22295751538404,6.338535362521884,26.2346198224425,24.91517645289177,26.34464399348914,9.873559996737809,3.090749481710708,1.125012681897828,2.428546730229179,5.901922915031229,-1.071394347862602,1.401982897776101,0.7231617722372863,0.4553284708560904,1,0,0,0,0,0,0,0,0,0,0,0,0,0,0,0,0,0,1,0,0,0,0,0,0,0,0,0,0,0,0,0,0,0,0,2,0,0,0,0,0,0,0,0,1,0,0,0,0,0,0,0,0,0,0,0,0,0,0,0,0,0,0,0,0,0,0,0,0,0,0,0,0,0,0,0,0,0,0,0,0,0,0,0,0,0,0,0,0,0,0,0,0,0,0,0,0,0,0,6,0.25,1.2593,0.08080808080808084,0.03279569892473118,0.03109903381642512,0.02385010144408641,0.01730575042517007,0.01414346602838666,0.01060522762345679,0.007521535703353885,1.0,70.29665143588723
18,23.1280920210488,0,0,2.485025583383509,1.265543027261962,4.589304761137595,245.9594911817069,12,0,0,21,0,5,4,1,0,0,0,0,0,8.768888888888888,163.9539744535866,161.4174396237203,160.3318101546029,161.464006150711,160.4937305802665,159.5354223452526,161.4923741069587,0.4007365999090446,-0.3087445694567507,-0.02481821309175328,49.46613333333335,83.65493333333333,-64.60213333333333,-95.46915555555556,15.32444444444444,16.7016888888889,-21.27946666666665,-96.19911111111114,10.57,-3.409999999999998,-6.519999999999998,-1.639999999999999,3.050000000000001,5.119999999999999,-9.919999999999998,-24.4,-19.18430751028806,47.01784022633746,-40.6881096707819,-35.55729307270233,-7.081578360768177,-10.1104841563786,-4.942103223593964,12.55359999999995,-116.2048,-175.7056,-95.20000000000002,43.6512,11.35200000000003,-806.8519451632208,36.57808697299939,-218.1569451850866,-1007.836134049839,-1.213261834399997,0.2765230887999995,-1.339161941901252,-0.9184455380599221,-12.04881006649227,-6.769512815380113,2.624120412953731,13.92807363350262,0.9899193635244221,-10.48487639908626,-42.83970786296837,1.282087909005772,1.042146972318531,0.9118635306280691,1.253951527924131,0.9019691780821917,0.5063596948802502,0.795654487435826,0.8240567797053424,0.9361742839043461,0.9840180078036272,1.060556634914291,0.616376559929649,1.221430428879532,1.04943999698728,0.963501484179253,0.9685493302113998,1.046255107411266,0.4395082851772885,-0.3937211023915653,0.6165018406304652,0.9681397380092049,5.698208595872203,1.455962912772107,397.0854962721768,215.6053405908791,-1.778795061376389,-0.09666414046794189,243.2906450171819,0.1286104179557778,0.0929640121784649,10.64551987773516,106.2193964561756,0,3,1,1,2,1,0,0.5446033829950944,0.1666666666666667,0.4292563127705555,0.5806064545842882,0,0,0,0,0,0,0,0,3,0,0,0,6,0,0,0,0,3,0,0,1,1,0,0,0,0,0,0,0,0,0,0,0,0,0,0,0,0,0,0,0,0,0,0,0,0,0,0,0,0,0,0,0,0,0,0,0,0,0,0,0,0,0,0,0,0,0,0,0,0,0,0,0,0.01884916578864959,0,0,0,0,0,0,0,0,0,0,0,0,0,0,0,0,0,0,0,0,0,0,0,0,0,0,0,0,0,0,0,0,0,0,0,0,0,0,0,0,0,0,0,0,0,3.15655612244898,2.727989549214747,0.6724137931034483,1.5,0.8164106126048172,0,0.05474137931034473,0,0.42,11.28422767361595,0.7128997360085,3,0.8954269066678514,31.28337481926395,True,15.95036581201899,13.89429035943988,0.0,12.13273413692322,24.97437738277524,19.03194509730019,41.12006390002012,5.817862777835028,0.0,15.93047088275909,5.907179729351506,5.917906046161393,28.24223436549749,0,0.0,21.36258474339198,5.917906046161393,28.8935599164693,0.0,0,22.88002160188571,34.13740108843117,23.40262842065966,30.33183534230805,0.0,20.9343443329662,25.15388757305607,28.84813886281734,8.68534291803141,2.298383422041658,8.479583936319145,2.854293953827198,-2.015745134186467,1.701901334924234,0.6660318802903823,0.5075550229573037,1,0,0,0,0,0,0,0,0,0,0,0,0,0,0,0,0,0,0,0,0,0,0,0,0,0,0,0,0,0,0,0,0,0,0,2,1,0,0,0,0,0,0,0,1,0,0,0,0,0,0,0,0,0,0,0,0,0,0,0,0,0,0,0,0,0,0,0,0,0,0,0,0,0,0,0,0,0,0,0,0,0,0,0,0,0,0,0,0,0,0,0,0,0,0,0,0,0,0,6,0.1875,1.8129,0.08024691358024692,0.03692592592592593,0.02454320987654321,0.0201158982111363,0.01452664399092971,0.01505215096484938,0.00966718106995885,0.009046831955922869,1.0,84.46367084460292
17,21.64492877345441,0,0,2.485454769269934,1.268548762647088,4.499820046811196,213.2945834798962,12,0,0,18,0,4,4,1,0,0,0,0,0,9.165432098765432,162.3313632823685,160.4397715607217,159.9195500635359,160.8524673805803,158.1839724048891,156.8981167150033,163.1086742104203,0.2820324371308399,-0.4565262141032206,0.2358024553415473,36.90386831275723,66.25882030178326,-49.61909465020575,-45.80702331961588,-57.14990397805212,40.46249657064471,-65.89563786008227,7.356323731138549,7.079999999999996,-2.635555555555558,-4.280000000000001,-3.56888888888889,4.791111111111108,3.728888888888887,-21.28,-18.93777777777778,-17.93555428542398,41.85136340158174,-46.10262332977695,-5.143731985300349,-46.11887195380108,-38.85389409642838,95.98905066131515,-29.84543209876543,-0.9540740740740628,-169.1269135802469,-162.4928395061728,77.71259259259254,-173.1427160493827,-605.4727212634892,-164.2303443038258,-539.8124018542145,-1337.835414151034,0.1637448434567882,-0.7440019985185196,-2.155376837403145,-4.27179627336706,-20.19959308958382,-15.86628268856175,9.860914578918521,21.73765977952108,6.370323859163216,-45.81894154496797,-23.85768881817767,1.311032571163911,0.9093033795929556,0.9502032520325204,1.210588935157644,0.9803001876172608,0.5232170434105841,1.061341312375788,0.6572355786600963,1.179277492549477,0.8065315443956317,1.028258935260956,0.6011853991555905,1.253585605285547,1.01590586739718,0.8897713434462067,0.9432241286819921,1.277128574642532,0.4327642279828002,-0.3923209201657594,0.6158852319839625,0.9682583526531858,5.699375462980935,1.453045221175144,407.6768663167775,167.4225029910123,-1.783333722968263,-0.1089483753577171,234.4547087001548,0.1405740777094771,0.1014235208570432,5.478482879038751,95.96236437616794,0,3,1,1,2,1,0,0.5446033829950944,0.1178511301977579,0.4275172802044938,0.5700138365720148,0,0,0,0,0,0,0,0,3,0,0,0,6,0,0,0,0,3,0,0,1,0,0,0,0,0,0,0,0,0,0,0,0,0,0,0,0,0,0,0,0,0,0,0,0,0,0,0,0,0,0,0,0,0,0,0,0,0,0,0,0,0,0,0,0,0,0,0,0,0,0,0,0,0.01590839443878767,0,0,0,0,0,0,0,0,0,0,0,0,0,0,0,0,0,0,0,0,0,0,0,0,0,0,0,0,0,0,0,0,0,0,0,0,0,0,0,0,0,0,0,0,0,3.037042233560091,2.699258196334089,0.6666666666666666,1.0,0.7650198195341205,0,0.05827160493827155,0,0.4666666666666667,11.45853827545207,0.7165554683488136,3,0.916017469116473,30.38607587731008,True,15.95036581201899,9.589074368143644,0.0,12.13273413692322,24.97437738277524,18.24004229813441,34.07239191734293,5.817862777835028,9.837253136417502,5.907179729351506,5.907179729351506,5.917906046161393,16.88934639152406,0,0.0,21.1765467264019,5.917906046161393,28.8935599164693,0.0,0,17.19263532720215,28.45001481374761,19.09741242936342,24.26546827384644,0.0,20.9343443329662,24.09537089093366,28.75095623051792,8.508366323381205,1.611504682119762,8.011248240929879,2.852976978261971,-3.461688712847398,1.701901334924234,0.6398314859662333,0.4478143029165018,1,0,0,0,0,0,0,0,0,0,0,0,0,0,0,0,0,0,0,0,0,0,0,0,0,0,0,0,0,0,0,0,0,0,0,2,1,0,0,0,0,0,0,0,1,0,0,0,0,0,0,0,0,0,0,0,0,0,0,0,0,0,0,0,0,0,0,0,0,0,0,0,0,0,0,0,0,0,0,0,0,0,0,0,0,0,0,0,0,0,0,0,0,0,0,0,0,0,0,5,0.1666666666666667,1.8206,0.07539682539682543,0.03141534391534392,0.02888157894736842,0.01915159559758863,0.0174243804664723,0.0109709624590577,0.01181664737654321,0.007331759149940969,0.8333333333333334,82.15148322250676
2,24.01776947270568,0,1,2.489953916203283,1.330078321875355,4.496545250415299,499.3527875575334,21,0,0,20,0,4,1,0,0,2,0,0,0,9.32,165.0428537455496,160.6379520804527,162.4783409088251,164.2479113871283,160.9266124657088,159.9636657867566,162.9786197954915,-0.1647340911798142,0.1531668375893547,0.03508454213511084,55.23039999999999,35.31679999999999,57.46239999999999,41.8944,-55.92160000000001,-29.62240000000001,-26.77280000000001,-57.688,8.270399999999999,1.596799999999999,-1.1776,1.8544,7.478400000000001,-4.6624,-12.1328,-7.088,-2.757222222222221,2.723055555555557,-0.2349999999999988,43.4163888888889,-31.84750000000001,6.19638888888889,-1.176388888888893,-15.72320000000002,48.70239999999999,92.0144,-52.2816,-20.9728,-87.648,304.4642020054408,321.2316144156535,-487.6275695087566,-583.5067705426195,0.7744525183999993,0.2943966591999996,0.2678007742635604,-2.913963669490319,-17.59916296253035,-10.7320579738544,-9.208173478851036,13.53188429669632,-8.740394408786534,-20.95909650604207,2.003829106478999,1.038039096487501,1.049561191448833,0.7322827635327634,1.040374276261373,1.10791127189642,0.584215096645547,1.255462968891491,0.8760451319309397,0.7732369900607453,1.022102114708506,0.9232947382852397,0.6644694714229892,0.9952240555030956,1.025027612519164,1.001509957562381,0.9810201467559126,1.033507137365827,0.4255878428241958,-0.5033637599251803,1.855389227434442,0.9930113506961619,5.665636406055969,1.20328747593051,437.386688031962,161.6076804759207,-1.703280621531506,-0.0896413607668284,261.9921629914593,0.2023010468100244,0.09975596323820464,70.86677892905591,67.01777044190312,0,4,4,2,3,0,0,0.5131164884807633,0.0,0.4319609760529723,0.5386844748041562,0,0,0,0,0,0,0,0,4,0,0,0,7,0,0,0,0,1,1,0,2,0,0,0,0,0,1,0,0,0,0,0,0,0,0,0,0,0,0,0,0,0,0,0,0,0,0,0,0,0,0,0,0,0,0,0,0,0,0,0,0,0,0,0,0,0,0,0,0,0,0,0,0,0.07120609452537874,0,0,0,0,0,0,0,0,0,0,0,0,0,0,0,0,0,0,0,0,0,0,0,0,0,0,0,0,0,0,0,0,0,0,0,0,0,0,0,0,0,0,0,0,0,3.312846657182599,3.312846657182599,0.6666666666666666,1.5,0.7605243009753422,0,0.03457341269841263,0,0.56,14.42021128763376,0.8535468622864821,2,0.9716505887783112,28.19593015740119,True,15.03763007875359,4.983978520947209,0.0,12.13273413692322,49.21531941730803,29.2079764013037,23.65106662977161,17.73840806984009,0.0,5.879988336435371,0.0,0.0,13.08951281182515,0,28.26427080637482,0.0,11.63444168209179,12.84164324585202,33.2872074020205,0,8.78083009534964,17.13736782298083,42.39753248145522,24.52642128014937,12.26321064007469,20.26872416684796,34.52380867632581,12.08556735889438,4.11926898228548,2.69370432536357,9.14611299198194,7.195548706348011,0.0,1.192793914218221,0.46105880889336,0.3605114477700231,1,0,0,0,0,0,0,0,0,0,0,0,0,0,0,0,0,0,1,0,0,0,0,0,0,0,0,0,0,0,0,0,0,0,0,1,0,0,0,0,0,0,0,0,1,0,0,0,0,0,0,0,0,0,0,0,0,0,0,0,0,0,0,0,0,0,0,0,0,0,0,0,0,0,0,0,0,0,0,0,0,0,0,0,0,0,0,0,0,0,0,0,0,0,0,0,0,0,0,4,0.1176470588235294,4.700900000000003,0.06481481481481485,0.02880434782608696,0.01631136950904392,0.0183857034877443,0.01211007907436479,0.00581041900486345,0.006562775573192241,0.004835353978963992,0.875,79.97669763660778
13,19.81556890010629,0,0,2.478857554416531,1.316398063645817,4.233297164304243,226.6466498740662,12,0,0,18,0,4,3,0,0,0,0,0,0,8.744186046511627,163.0727966210228,160.928344471483,161.1111024429196,160.87099412063,159.4056638543254,158.8967242337664,162.8942540335914,0.139789676375982,-0.1045993446972423,-0.05644935017103943,54.54678204434832,29.52244456462954,-9.464575446187126,-72.19740400216331,-23.28231476473768,54.44294213088153,-34.6349378042185,-107.1233098972417,9.698756084369924,-0.561384532179555,-5.090859924283396,-1.882639264467278,2.359113034072472,-1.088696592752839,-17.28393726338561,-15.26068144943212,-2.841100294453457,6.885057989303526,-15.2881437413617,-8.44122949341987,-20.35705486449132,2.430623159665884,13.57661799170722,18.7317468902109,45.51216873985936,-102.5927528393727,-102.0962682531098,-20.3093564088697,-173.658193618172,-476.5511285936295,-172.5331893959941,-665.9592283782101,-1133.808204159065,-0.287068832882641,1.358037096809085,-0.6159841297111219,-3.243638125495626,-14.81058465362371,-15.91450523108004,9.766526337905102,15.72950267724251,-0.4525324099958655,-22.47706555953491,-26.55177372347389,1.163613539721548,1.0744552340617,0.7194400182107901,1.146120894811995,1.077412116679133,0.5826317739754523,0.9461276597217092,0.6480441933638442,1.2187445796716,1.008106909416232,1.007506217003297,0.7976317734295144,1.214852571720479,0.9953835680077538,0.950632138435042,0.9857830630441791,1.152540823871444,0.4249642671671423,-0.526619049548886,0.9975721628726957,0.9772379414053644,5.698804046625045,1.422120454167168,356.8292592775026,195.9797277047563,-1.634265312340738,-0.09717655913707822,197.2584213468261,0.1953440091459534,0.1007768886414728,78.43357344894129,93.99956270498504,0,3,1,1,2,1,0,0.5446033829950944,0.0,0.4340070836853719,0.5502952170235579,0,0,0,0,0,0,0,0,3,0,0,0,6,0,0,0,0,3,0,0,1,0,0,0,0,0,1,0,0,0,0,0,0,0,0,0,0,0,0,0,0,0,0,0,0,0,0,0,0,0,0,0,0,0,0,0,0,0,0,0,0,0,0,0,0,0,0,0,0,0,0,0,0,0.08373897295118415,0,0,0,0,0,0,0,0,0,0,0,0,0,0,0,0,0,0,0,0,0,0,0,0,0,0,0,0,0,0,0,0,0,0,0,0,0,0,0,0,0,0,0,0,0,3.235583900226757,2.770004724111867,0.68,1.5,0.7263911154320405,0,0.0595714285714285,0,0.4883720930232558,10.68121349004878,0.7869658386557226,3,0.9196205503811868,27.06269151787529,True,20.68722876581904,9.589074368143644,0.0,12.13273413692322,24.97437738277524,11.984273114623,36.28670598310269,11.56737461111893,0.0,5.907179729351506,5.907179729351506,5.917906046161393,17.74337474929019,0,5.749511833283905,11.3392935899844,5.917906046161393,28.8935599164693,0.0,0,17.19263532720215,35.05689677826053,18.52902952053558,13.17616460973914,24.26546827384644,20.9343443329662,5.349857790351116,28.62044311323397,8.848401045603428,2.44397066851432,9.133061355064422,1.839557266560333,1.588775542739287,1.701901334924234,0.5460156723220247,0.410893904548602,1,0,0,0,0,0,0,0,0,0,0,0,0,0,0,0,0,0,0,0,0,0,0,0,0,0,0,0,0,0,0,0,0,0,0,2,1,0,0,0,0,0,0,0,1,0,0,0,0,0,0,0,0,0,0,0,0,0,0,0,0,0,0,0,0,0,0,0,0,0,0,0,0,0,0,0,0,0,0,0,0,0,0,0,0,0,0,0,0,0,0,0,0,0,0,0,0,0,0,5,0.1785714285714286,2.425700000000001,0.06756756756756759,0.03171296296296296,0.02370098039215687,0.01791260648403506,0.01198644967246158,0.01023904006046863,0.00921902557319224,0.00434710743801653,0.8333333333333334,79.55051772720428
22,22.93172530955613,0,0,2.433998643149651,1.275334836107643,4.873162504437884,204.6914000444154,17,0,0,13,0,4,2,1,0,1,2,0,0,10.37272192827748,161.3354211320033,159.6951942748327,163.0279698077472,159.8981182371913,157.7515218571986,156.1958287301517,161.2651439749541,0.3194462043746777,-0.5530258004590985,0.6124553938069764,31.89300411522633,20.68724279835389,13.3991769547325,-37.28943758573391,-27.17421124828533,-24.17283950617286,24.96159122085048,-11.51440329218108,3.916666666666668,-4.999999999999997,-4.583333333333332,2.63888888888889,1.972222222222223,2.916666666666668,-6.527777777777774,-2.083333333333333,-2.319970058591947,6.963873310336177,-23.18578972893837,13.24976150471366,-30.106742657689,-10.64454449538795,23.26027296683039,163.2789115646258,0.9183673469387834,5.201814058956903,-174.6077097505669,-78.08390022675738,316.9863945578232,-235.1594811566145,156.8528670611434,-21.25196850352753,51.61242866657746,1.774209972222224,-1.585688694444444,-1.286087724319363,-0.8112114234286467,-22.96407079338192,-33.05744897262646,29.51657482590952,-5.541251507295197,14.06653508455675,-35.5714884021662,27.20448004916062,1.453936550139421,0.9192616461572382,0.8510978043912175,1.145708582834331,0.9274783765801731,0.5811994389334467,1.159063312240099,0.9089577838047549,0.9659581872527282,0.9883231439739868,0.9111299323263083,0.6407634785248553,1.101029792291552,0.942996161882372,0.9918264435687973,0.8264754993879607,1.162196075799352,0.432705816982038,-0.3636266031123203,0.6530569362730823,0.9772380345675978,5.693602089457229,1.414290460264405,480.1737082433999,155.2766092337709,-1.756660685086488,-0.08338077375373514,305.1265353474587,0.1380780544475372,0.1117050735861903,9.295861448915058,30.03017423147562,0,7,2,0,2,1,0,0.5078677873714246,0.0,0.4349601247928107,0.5874857034856655,0,0,0,0,0,0,0,0,2,0,0,0,8,0,0,0,0,2,0,0,2,0,0,0,0,0,0,0,0,0,0,0,0,0,0,0,0,0,0,0,0,0,0,0,0,0,0,0,0,0,0,0,0,0,0,0,0,0,0,0,0,0,0,0,0,0,0,0,0,0,0,0,0,-0.009714674922107092,0,0,0,0,0,0,0,0,0,0,0,0,0,0,0,0,0,0,0,0,0,0,0,0,0,0,0,0,0,0,0,0,0,0,0,0,0,0,0,0,0,0,0,0,0,2.719369611013129,2.643630007558579,0.6637931034482759,2.5,0.7854663027231341,0,0.03890036548545994,0,0.5714285714285714,12.22255151349341,0.8327093805590231,2,0.9558454706153882,32.37918343214918,True,10.63357720801266,9.589074368143644,0.0,29.26824684892664,24.97437738277524,18.18111668623608,28.03376614343196,20.97903633147932,0.0,5.907179729351506,5.907179729351506,5.917906046161393,10.63357720801266,0,10.57107518854976,4.794537184071822,11.73512688720729,23.19963192162083,10.57107518854976,0,15.89566410019341,20.59479047897895,18.90801031431363,0.0,0.0,20.60153424990708,14.59398483282457,33.18281901289748,5.85851704763802,0.4918815437697717,5.484128997528723,4.632668155918413,0.0,1.573672595132473,0.6554016893267548,0.5027390359352341,1,0,0,0,0,0,0,0,0,0,0,0,0,0,0,0,0,0,1,0,0,0,0,0,0,0,0,0,0,0,0,0,0,0,0,1,0,0,0,0,0,0,0,0,0,0,0,0,0,0,0,0,0,0,0,0,0,0,0,0,0,0,0,0,0,0,0,0,0,0,0,0,0,0,0,0,0,0,0,0,0,0,0,0,0,0,0,0,0,0,0,0,0,0,0,0,0,0,0,5,0.15625,5.251800000000002,0.07881136950904394,0.02969696969696969,0.02906504065040651,0.01562574236043624,0.01636989121045243,0.008494028122712927,0.01056327160493827,0.006170635649423528,1.0,84.03224642728341
7,20.0462790434071,0,0,2.366458028136047,1.28723844168397,4.561329362135833,210.8698533258806,17,0,0,20,0,8,1,0,0,0,0,0,0,8.347826086956522,168.0267148325539,162.2937933919076,165.9908709016266,166.3641247043387,165.8209415685689,164.1760390551671,165.271698596733,0.0872788681265414,0.06572413490400446,0.5014816177385756,74.35160680529296,13.01890359168238,-60.52362948960303,-12.06994328922496,33.48204158790171,12.76748582230623,-46.78071833648392,-12.34971644612478,10.67674858223063,-2.311909262759924,-4.512287334593573,3.567107750472592,2.763705103969754,-1.228733459357278,-5.965973534971646,-4.034026465028356,-2.938668346985925,6.55031768536022,-14.17046051249737,-3.384333648393195,-1.003885738290275,-7.856411468178953,9.422836588951903,68.62759924385634,-118.6105860113422,-35.8960302457467,19.69943289224952,-44.65028355387525,-53.00189035916826,-82.36153796786724,56.2742263992148,-223.2141447769361,-415.9098142142505,-0.449451122873346,-0.8601092551984875,0.0007474126011479121,-1.223976407121909,19.84827784473056,-7.108193561837322,-5.80963103175585,2.028295002854601,10.65589545729929,-24.94904852632826,17.67636081625679,1.055008517384537,1.000088033277595,0.7270250822368418,1.271339940039973,1.053806390977443,0.6324749017896112,0.857914885419527,0.6690425736852244,0.892478740677546,0.680445227599805,0.9876195259499758,0.8498924605623888,0.9860651197535358,1.025754777149116,0.9779762770135529,0.8944170999054949,1.25748794613986,0.4081225463673431,-0.4324652862072544,0.9940404690941288,0.9775744372517277,5.714990281833974,1.402897791844012,213.6155735523646,367.2730022451599,-0.9233197146240106,-0.06790983385446218,124.0868462890044,0.1444746917040571,0.09597540538681257,28.72585767321375,89.59501262424214,0,6,1,1,0,0,0,0.3333333333333333,0.0,0.4480730426181345,0.5707726357299054,0,0,0,0,0,0,0,0,1,0,0,0,5,0,0,0,0,2,0,0,4,1,0,1,0,0,0,0,0,0,0,0,0,0,0,0,0,0,0,0,0,0,0,0,0,0,0,0,0,0,0,0,0,0,0,0,0,0,0,0,0,0,0,0,0,0,0,0,0,0,0,0,0,0.0,0,0,0,0,0,0,0,0,0,0,0,0,0,0,0,0,0,0,0,0,0,0,0,0,0,0,0,0,0,0,0,0,0,0,0,0,0,0,0,0,0,0,0,0,0,3.089428697404888,2.555083870229298,0.7019230769230769,1.0,0.6560645875576967,0,0.03946886446886433,0,0.391304347826087,16.03488590947875,0.7887831343613717,2,0.9045013584746455,27.29126837805182,True,15.53348693886314,9.476340119217006,5.098681808301038,0.0,18.19910120538483,45.29699815456779,17.5781578411451,12.3626191837476,0.0,11.855519010338,0.0,0.0,31.35971428288838,0,11.25737948654546,11.3392935899844,0.0,0.0,11.25737948654546,0,17.45358833350508,11.63572555567006,17.07524226438048,31.8350462691295,37.19435490158969,30.68419457915532,1.53661772721026,26.46135268900618,9.774699724699257,2.362550476636426,5.731868727836094,6.799031564658819,5.474513846672053,3.155024079264643,0.6952306954850147,0.153002981576427,1,0,0,0,0,0,0,0,0,0,0,0,0,0,0,0,0,0,1,0,0,0,0,0,0,0,0,0,0,0,0,0,0,0,0,0,0,0,0,0,0,0,0,0,0,0,0,0,0,0,0,0,0,0,0,0,0,0,0,0,0,0,0,0,0,0,0,0,0,0,0,0,0,0,0,0,0,0,0,0,0,0,0,0,0,0,0,0,0,0,0,0,0,0,0,0,0,0,0,6,0.2142857142857143,1.290699999999999,0.06432748538011698,0.02437710437710438,0.02801971326164876,0.01829512051734274,0.01173611111111111,0.009112943016712855,0.00839322457378013,0.009067824711764105,1.0,74.08836526762354
16,22.15566884314828,0,0,2.472679086881112,1.298463285127035,4.24875831414803,512.3930080690081,21,0,0,13,0,7,1,0,0,2,0,0,0,12.29268292682927,169.6943300265302,165.2309848084593,167.6504194503389,166.5830266887944,167.8894402267883,162.9415779336959,165.4742062398377,0.1111136895824023,-0.08531635855088526,-0.07623400112397466,36.51041046995837,-7.700178465199281,-75.41701368233194,-35.00237953599048,20.85306365258774,-21.65556216537775,-14.14158239143367,-30.02201070791196,6.160618679357522,-3.569303985722787,-5.200475907198097,-1.932183224271267,0.6389054134443773,0.6591314693634733,-8.233194527067223,-7.189767995240928,-11.58531627999207,9.686793575252828,-28.39830788551788,-9.024324145680483,-1.079251768127429,1.360301407892129,-9.302234119902172,13.25104104699584,-79.31945270672219,-99.2462819750149,54.65794170136822,2.175490779298038,-64.4854253420583,-633.0520529891616,277.7814235371161,-57.29315549403904,-565.6185539067503,-0.06034058298631786,0.08808780011897742,-2.023430521802097,-0.522906049155635,-25.46593284935396,-1.79514496196226,-1.971137872283816,-14.61334900288048,27.70875206191111,-2.631358732632422,-1.719868799581894,1.037575604370013,0.9010376702931621,0.7574325485478604,1.1293545773697,1.016620430609088,0.5646562373703906,0.6638283884947067,0.9580378274327352,0.7342839179763208,1.001685437310631,1.092964512093363,0.7114055981848377,1.078369336186629,0.8774468839307414,0.8594920004286446,0.7869803044498732,0.8736208331789516,0.4364720286325715,-0.4357612971782861,1.989976613612764,0.9728847718925258,5.729109063246999,1.352361631191582,371.0047683982919,205.3818409673519,-1.759866544244035,-0.1120473473090745,213.8421805155774,0.1336570525226321,0.09272962750040716,295.7829513884537,100.6284972090802,0,8,1,1,0,0,0,0.4110544158647975,0.0,0.4357432384144188,0.510839443495546,0,0,0,0,0,0,0,0,1,0,0,0,7,0,1,0,0,1,0,0,4,0,0,1,0,0,0,0,0,0,0,0,0,0,0,0,0,0,0,0,0,0,0,0,0,0,0,0,0,0,0,0,0,0,0,0,0,0,0,0,0,0,0,0,0,0,0,0,0,0,0,0,0,0.0,0,0,0,0,0,0,0,0,0,0,0,0,0,0,0,0,0,0,0,0,0,0,0,0,0,0,0,0,0,0,0,0,0,0,0,0,0,0,0,0,0,0,0,0,0,2.951505731922398,2.951505731922398,0.7053571428571429,1.5,0.6212656377476696,0,0.0587393021724818,0,0.5609756097560976,15.0565144259885,0.9576750592443599,2,0.9726850129894226,29.61971303997059,True,11.05045608116852,14.17921031128082,0.0,0.0,24.26546827384644,12.39368714322615,30.19582303568419,28.79340967554301,5.824404497999927,0.0,5.907179729351506,5.733667477162185,5.316788604006331,0,11.51833249284839,6.544756405912575,11.63444168209179,16.05191667061728,17.16550971361612,0,14.59869287318467,17.03503321046465,6.196843571613076,0.0,0.0,25.25270268779516,28.08563488433924,28.31398416068187,2.951505731922398,6.958119445026255,5.598034265337066,5.13102502343043,0.0,2.420012992301737,0.6979486366087025,0.1461304870510879,1,0,0,0,0,0,0,0,0,0,0,0,0,0,0,0,0,0,1,0,0,0,0,0,0,0,0,0,0,0,0,0,0,0,0,0,0,0,0,0,0,0,0,0,0,0,0,0,0,0,0,0,0,0,0,0,0,0,0,0,0,0,0,0,0,0,0,0,0,0,0,0,0,0,0,0,0,0,0,0,0,0,0,0,0,0,0,0,0,0,0,0,0,0,0,0,0,0,0,5,0.1612903225806452,2.1755,0.08080808080808084,0.04138176638176638,0.02662808641975309,0.01689342403628118,0.01447589170803456,0.01221275547255939,0.01023176726108825,0.005941137731771341,1.0,77.45560616617954
8,23.46049260578019,0,0,2.411196148220673,1.278261833360862,4.757934635498844,316.9521447187383,18,0,0,17,0,6,3,0,0,1,0,0,0,11.04166666666667,165.2839532585361,158.4715862061203,164.3497477569784,163.248443932586,165.6450823409273,160.4112712358443,163.4188621167812,0.2517396925170658,-0.8419649498441092,0.6364794508089644,59.50347222222223,20.92881944444445,-33.79166666666665,-22.73958333333332,-86.81944444444444,-12.02777777777778,28.46354166666667,4.666666666666686,11.93836805555556,0.794704861111108,-10.47916666666667,-7.080729166666668,-0.6423611111111118,7.732638888888889,-7.488281250000001,-14.0625,-6.457151813271603,1.441924672067901,-26.07523148148148,29.76164641203702,-48.68971836419752,-19.79220920138888,50.11226851851851,44.42881944444442,-14.58333333333336,-41.23958333333337,-104.4444444444445,93.046875,-2.541666666666686,-744.2303256307334,-216.6866748921904,432.2898328817939,-662.1407592272358,3.138035333333333,-1.151505666666667,-1.963074291836352,-0.1413633982193518,4.103450725293978,-55.75026152000169,28.2413005051371,-28.66140742275084,40.57426315133048,-36.55264905554877,28.85963512389173,1.410912871423561,0.7360901872593748,0.6855689045936396,1.109987923245516,0.8661592824136993,0.6077836981596405,1.208117793466231,1.085052926235698,0.975334272228037,0.9127017615446322,1.040506703752278,0.7518474365339657,0.9666322976055717,0.9256940179399179,1.097985547516718,0.8286647005966712,1.130911465663309,0.4482844788265132,-0.5278725368019734,0.9955330635307472,0.9113178238875153,5.693050191835133,1.609468113550567,338.3733409823224,472.7386766721791,-1.278818956136962,-0.0657820935531613,274.4586833246662,0.1617417630199798,0.08545361506221705,27.08375242232891,61.09479898488455,0,6,3,0,0,0,0,0.2194160968212877,0.0,0.4533411744145716,0.534295234981216,0,0,0,0,0,0,0,0,0,0,0,0,8,0,0,0,0,3,0,0,2,0,0,0,0,0,1,0,0,0,0,0,0,0,0,0,0,0,0,0,0,0,0,0,0,0,0,0,0,0,0,0,0,0,0,0,0,0,0,0,0,0,0,0,0,0,0,0,0,0,0,0,0,0.0,0,0,0,0,0,0,0,0,0,0,0,0,0,0,0,0,0,0,0,0,0,0,0,0,0,0,0,0,0,0,0,0,0,0,0,0,0,0,0,0,0,0,0,0,0,2.91332065696649,2.458063882184865,0.6612903225806451,2.0,0.6670583920169242,0,0.05184331797235009,0,0.4375,15.68016124693876,0.8620731422090028,3,0.9645261158755208,31.1543864621194,True,20.68722876581904,9.589074368143644,5.261891554738487,6.06636706846161,24.26546827384644,25.50772619436495,23.92408679935509,34.83513103448912,0.0,0.0,11.81435945870301,0.0,24.79104673196738,0,11.81873314607618,0.0,17.14833370857665,26.27942884323463,0.0,0,21.71352687802844,11.38131426953202,6.06636706846161,12.13273413692322,6.069221312792274,25.91832285391341,19.33769971229314,33.22442036972316,16.76901325434945,0.2624937689703495,10.52866447266797,2.646216159048049,2.751204997458778,2.470726972802203,0.6138882219317078,0.4350355278540185,0,0,0,0,0,0,0,0,0,0,0,0,0,0,0,0,0,0,0,0,0,0,0,0,0,0,0,0,0,0,0,0,0,0,0,0,0,0,0,0,0,0,0,0,0,0,0,0,0,0,0,0,0,0,0,0,0,0,0,0,0,0,0,0,0,0,0,0,0,0,0,0,0,0,0,0,0,0,0,0,0,0,0,0,0,0,0,0,0,0,0,0,0,0,0,0,0,0,0,6,0.1818181818181818,2.85148,0.07901234567901239,0.03601851851851852,0.02729328165374677,0.01741496598639455,0.01546717171717172,0.00977016320931665,0.008871527777777779,0.007777856262704747,0.875,66.61692232628562
3,23.52944229100149,0,0,2.438810812586158,1.28777184638523,4.888546292897054,227.2174379019394,17,0,0,20,0,8,3,0,0,0,0,0,0,9.64,167.0744033216496,162.2028876875383,164.7880685863595,161.4905992462449,163.9784025028189,164.5568259441614,166.279461438953,-0.0326627141486157,-0.0004100725304276957,0.2458554776140738,82.23519999999999,56.46240000000002,-5.558399999999979,-70.68799999999999,-63.45279999999998,-28.87359999999999,-66.26719999999999,4.859199999999997,13.4352,0.1824000000000032,-2.398399999999997,-6.767999999999997,-6.212799999999999,-6.913599999999999,-11.7872,-3.860799999999999,-6.03158888888889,16.74537777777778,-12.99076666666667,-0.1389444444444535,-21.6460888888889,-9.830300000000001,29.60829999999999,75.38239999999998,33.32159999999998,-60.68800000000005,-132.0128,-119.9472,-15.70080000000001,-95.78487315411354,-630.6937067782312,-715.0740017239762,-391.8751537233861,-0.04610147200000562,-0.4647298688000019,0.9791777411216002,-2.668828190647919,-10.10263105517214,-15.24628721338123,20.14665518475859,-8.815743861482265,-5.018129276940957,-25.41212544916151,-27.62092565110727,1.077259977727711,1.047149455179261,0.7060767891591776,1.154453981325755,1.054053914799778,0.5529387861234943,0.9476707231841792,0.6510377776075486,1.014344771167684,0.9094871857799833,0.9222351320464264,0.8016982341166675,1.1820177162628,0.955638318206234,1.148080795128093,1.040514308430077,1.131697127759533,0.4448793461293399,-0.5255754164332692,0.996273409378035,0.9726876509275457,5.692238001850291,1.399918925095808,378.378865854726,344.2736924970344,-1.663088222573587,-0.08967093756526862,273.4364554361553,0.1554644791275961,0.08528937764282701,82.64451211030031,111.3457164970106,0,4,1,0,2,1,0,0.5078677873714246,0.0,0.4380826907827492,0.5472159431863953,0,0,0,0,0,0,0,0,2,0,0,0,7,0,1,0,0,2,0,0,4,0,0,1,0,0,1,0,0,0,0,0,0,0,0,0,0,0,0,0,0,0,0,0,0,0,0,0,0,0,0,0,0,0,0,0,0,0,0,0,0,0,0,0,0,0,0,0,0,0,0,0,0,0.001550109778686304,0,0,0,0,0,0,0,0,0,0,0,0,0,0,0,0,0,0,0,0,0,0,0,0,0,0,0,0,0,0,0,0,0,0,0,0,0,0,0,0,0,0,0,0,0,3.106860119047619,2.706099927242604,0.6833333333333333,1.5,0.7604594507642896,0,0.06862745098039202,0,0.46,13.7897693178675,0.8489080150816332,3,0.9237763178895403,27.53472842934191,True,21.1041076389749,14.27087730328883,5.098681808301038,6.06636706846161,24.97437738277524,19.03194509730019,24.04802158234165,6.327320074764542,23.08570710396732,5.907179729351506,5.907179729351506,18.69924550600077,17.7433747492902,0,17.13736782298083,11.84220916674901,5.917906046161393,23.3301084247723,11.38785598969692,0,17.19263532720215,22.82475409766439,12.84164324585202,30.18952912951014,6.06636706846161,30.91360115386298,7.158524580594837,28.14588104651281,17.88144034477083,6.867128704762182,6.891614599275584,3.297869424274825,3.29002870194883,3.341876723840188,0.714690086996969,0.8342936941699318,1,0,0,0,0,0,0,0,0,0,0,0,0,0,0,0,0,0,1,0,0,0,0,0,0,0,0,0,0,0,0,0,0,0,0,1,0,0,0,0,0,0,0,0,0,0,0,0,0,0,0,0,0,0,0,0,0,0,0,0,0,0,0,0,0,0,0,0,0,0,0,0,0,0,0,0,0,0,0,0,0,0,0,0,0,0,0,0,0,0,0,0,0,0,0,0,0,0,0,7,0.2121212121212121,1.4717,0.07702020202020206,0.03460992907801418,0.0257210401891253,0.01790791678990437,0.01351686507936508,0.01086027734680617,0.008172699214365883,0.008158677685950414,1.0,85.15770718073648
20,25.62225306385972,0,0,2.474583863320319,1.306494156294327,4.328259253694858,561.7904761334327,18,0,0,26,0,6,2,0,0,0,0,0,0,7.586206896551724,163.6080421940599,159.4358817980888,161.5873443591391,161.0552247585014,162.6373479618144,162.5289298326882,162.0360051135357,0.09932846575724638,-0.3081368074231163,0.1958915137674838,77.26040428061826,6.030915576694403,-49.56480380499407,-5.965517241379304,-10.24970273483949,114.680142687277,-63.20689655172415,-18.96076099881093,12.35077288941736,-0.08085612366231121,-8.583828775267541,-7.379310344827585,5.340071343638525,7.531510107015455,-0.2758620689655181,-6.179548156956008,-3.069196723477341,6.842895362663496,-14.83203692693883,15.69276819923372,-18.91590698903422,-11.30124521072797,3.098601202272427,55.96195005945308,-150.3579072532699,76.65517241379318,-214.6979785969084,-156.8965517241379,48.52199762187872,62.84223992169805,-1034.915621633017,-652.8806885123853,439.6184369547024,1.163869103448276,-0.8596933793103505,-0.4181101486448615,-1.398547998690034,-2.793538674835808,-13.0271427353625,-7.060605611458646,16.57184655283504,-20.03832054927907,11.99530619235997,5.171587924058977,1.295893961690868,0.7638331002732034,0.721297433576831,1.196225784903139,0.9787301876480232,0.6463018148668168,1.062932024008778,0.524992500837081,1.431437863549099,0.8927878079429701,0.9782528897324457,0.8907443535206323,1.132447780761195,1.037312166562919,0.9844346865643363,1.014158282616509,1.027055432498357,0.4241836724175004,-0.4217289040110107,0.9950302600096812,0.9779540229859145,5.686300680938397,1.16169362559877,383.8780114054724,629.0798630033602,-1.085343462455572,-0.05241074878021668,388.8522544655769,0.1319073156070703,0.08909078539338658,196.7145502080484,110.3069685830388,0,4,3,7,0,0,0,0.5288143254133022,0.0,0.4318568480863111,0.5698475986777413,0,0,0,0,0,0,0,0,5,0,0,0,9,0,0,0,0,3,0,0,2,1,0,0,0,0,1,0,0,0,0,0,0,0,0,0,0,0,0,0,0,0,0,0,0,0,0,0,0,0,0,0,0,0,0,0,0,0,0,0,0,0,0,0,0,0,0,0,0,0,0,0,0,0.0,0,0,0,0,0,0,0,0,0,0,0,0,0,0,0,0,0,0,0,0,0,0,0,0,0,0,0,0,0,0,0,0,0,0,0,0,0,0,0,0,0,0,0,0,0,3.384100889901201,2.869238151596002,0.6875,1.0,0.8364268437148563,0,0.04482142857142846,0,0.5,14.99156828020338,0.6647285560842455,3,0.8837136860152708,30.65841003749161,True,25.58713849666952,4.794537184071822,0.0,6.06636706846161,49.23984565662168,24.84326615497032,48.58751594246407,11.63572555567006,0.0,0.0,5.907179729351506,0.0,41.83676367971413,0,0.0,11.28161935971263,13.84747439938125,27.17881965401127,0.0,0,28.69788437972074,23.61345695012816,49.1898400629016,6.196843571613076,18.19910120538483,62.86480818952998,5.411873408135067,23.91958679921832,9.620574333762256,6.142166710070942,12.12443966348006,1.793146730914588,0.0,2.346542041810215,0.5114860451629287,0.9881064344767243,1,0,0,0,0,0,0,0,0,0,0,0,0,0,0,0,0,0,0,0,0,0,0,0,0,0,0,0,0,0,0,0,0,0,0,2,1,0,0,0,0,0,0,0,2,0,0,0,0,0,0,0,0,0,0,0,0,0,0,0,0,0,0,0,0,0,0,0,0,0,0,0,0,0,0,0,0,0,0,0,0,0,0,0,0,0,0,0,0,0,0,0,0,0,0,0,0,0,0,5,0.1388888888888889,3.660640000000002,0.05228758169934643,0.02619385342789599,0.02794312169312169,0.01449634668682288,0.0130860779271058,0.009859097147630981,0.009540037722908096,0.005905879952225765,1.0,82.16619117364193
19,14.9181920901388,0,1,2.344722604411051,1.337137275090531,3.746795679707108,162.3638509989625,6,0,0,19,0,3,2,0,0,0,0,0,0,6.473684210526316,165.6099772040982,166.7158924547164,166.760823506006,161.1312065816718,163.519616695034,164.3619853328031,170.2758313429918,0.08278581204924833,0.0680988952446276,-0.2714496988293295,40.51523545706373,14.23822714681441,10.95844875346261,-23.81163434903047,-5.745152354570641,-58.47091412742381,-0.01662049861496251,-7.459833795013851,3.048476454293626,-6.200138504155127,0.8857340720221609,0.8074792243767318,-0.7465373961218844,-2.847645429362882,-0.572022160664819,-0.3829639889196671,0.2777777777777774,6.256944444444446,-2.798611111111111,-7.111111111111112,2.430555555555555,8.125000000000005,-1.0625,-38.49861495844875,30.85318559556787,-43.86426592797784,47.6759002770083,-17.1218836565097,39.59279778393351,172.7610769425396,189.0129559378878,-464.9061830386915,230.7374906031686,-0.8843515844875334,0.8812729695290847,1.775459501046413,-2.439283242104525,-19.41715824308535,-3.479041313363687,13.77620981442554,-7.265837701876547,5.206289373453491,-16.75222705159848,8.965517092361313,1.30058727941962,1.365055776043013,0.9938965517241383,1.311083050024284,0.8961964472309303,0.6039395601210938,0.8383097778522617,1.096544744692893,0.4070117125672683,0.662931307375752,0.8910297891389688,0.8231188939046257,1.325807790123788,0.8288097484323362,1.076159130384979,1.005415480393989,1.140566496461449,0.3962496641895363,-0.5195271717787628,1.855389133860803,0.9780466657063909,5.732528779283994,1.338854397350329,370.9327937239708,90.02877799937637,-1.438443580286942,-0.08717195508609264,170.9857635987337,0.2727107871133668,0.1276236720549779,48.11236861315915,52.19877109853,0,3,0,2,5,1,0,0.3712879178910342,0.0,0.443317289909015,0.5733211689207948,0,0,0,0,0,0,0,0,6,0,0,0,2,0,0,0,0,2,0,0,1,0,0,0,0,0,1,0,0,0,0,0,0,0,0,0,0,0,0,0,0,0,0,0,0,0,0,0,0,0,0,0,0,0,0,0,0,0,0,0,0,0,0,0,0,0,0,0,0,0,0,0,0,0.4245323088040436,0,0,0,0,0,0,0,0,0,0,0,0,0,0,0,0,0,0,0,0,0,0,0,0,0,0,0,0,0,0,0,0,0,0,0,0,0,0,0,0,0,0,0,0,0,3.309546698041016,2.816757054673722,0.6710526315789473,1.0,0.7603578372280956,0,0.05179615705931484,0,0.4736842105263158,12.65386903915162,0.9676742995613261,2,0.9097388046399499,24.02736599959147,True,15.37044016181271,4.794537184071822,0.0,0.0,44.36077703453984,12.46266245207397,6.196843571613076,17.67134099886724,0.0,5.907179729351506,0.0,5.917906046161393,18.40630141583148,0,5.749511833283905,4.794537184071822,5.917906046161393,25.68328649170404,0.0,0,5.817862777835028,5.817862777835028,44.5223111368131,12.26321064007469,6.06636706846161,15.61755572895987,5.837353237591334,15.80288833978138,6.126303752714738,0.0,3.662684004157218,6.128587920233391,0.0,0.6551853485522243,0.5196062417407646,0.3610652672710795,0,0,0,0,0,0,0,0,0,0,0,0,0,0,0,0,0,0,0,0,0,0,0,0,0,0,0,0,0,0,0,0,0,0,0,2,0,0,0,0,0,0,0,0,1,0,0,0,0,0,0,0,0,0,0,0,0,0,0,0,0,0,0,0,0,0,0,0,0,0,0,0,0,0,0,0,0,0,0,0,0,0,0,0,0,0,0,0,0,0,0,0,0,0,0,0,0,0,0,4,0.1904761904761905,1.5609,0.04666666666666668,0.03833333333333333,0.01181944444444444,0.01684240362811791,0.01428184910327767,0.007587448559670781,0.008992626886145405,0.004909249623054337,1.0,70.4246187195231
21,23.35110280603902,0,0,2.476474479981012,1.339708937690932,4.304570072836537,477.2987911181261,12,0,0,22,0,6,3,0,0,0,0,0,0,8.470588235294118,165.2523470706074,164.2688284325157,162.9763657767877,161.9401136468299,161.460125814225,164.9234510188391,164.9731785306197,0.1780758789190003,-0.2890911392442255,0.1158713374942058,60.45597846981928,9.512110726643593,-27.61476355247982,-44.93963860053825,8.119184928873501,37.0480584390619,-39.47058823529414,-8.839677047289506,8.06612841214917,-3.412918108419843,-5.310265282583623,-1.059592464436756,2.195309496347559,-0.5828527489427147,-3.490196078431374,-1.442906574394464,-1.390896663676362,6.595059592464437,-16.60162757913623,-3.210773634072368,-12.95641633559742,-9.849128540305015,20.19405997693195,-12.23298731257205,-1.144175317185681,-80.41022683583235,-39.19454056132256,-64.31372549019606,-53.15340253748558,-358.6438708075061,-82.6393600146813,-353.7917789542988,-177.6486369859306,0.03163845597846865,-0.548077960784316,-0.3688597926320807,-1.092540156684314,-16.80288605008717,-4.778172865617859,12.90890952456823,14.1631304931874,-25.30440213618888,-2.967592035479406,3.797500742716184,1.241070501138379,0.8880463539390746,0.7687078850928005,1.191685630689207,1.034414306592863,0.5906926536276973,0.8829598251736105,0.6493242222664526,1.396153242379267,0.8840503684689298,1.018705491932121,0.821552706587376,1.238075969633771,0.9818265060225869,0.9521561311583037,1.130078232662765,1.031319289688075,0.4247653110510317,-0.4217290017980116,1.89444735687194,0.9772379414086156,5.716586472708722,1.157581471435405,306.3001013262315,301.5290796074626,-1.454187739067076,-0.09257888171137485,186.1781397090308,0.1309119648570766,0.08841852111897602,200.1314737749985,80.68747087386005,0,5,1,5,2,1,0,0.6466654556110601,0.0,0.4293889828301653,0.5483753266257044,0,0,0,0,0,0,0,0,7,0,0,0,6,0,0,0,0,3,0,0,2,1,0,0,0,0,1,0,0,0,0,0,0,0,0,0,0,0,0,0,0,0,0,0,0,0,0,0,0,0,0,0,0,0,0,0,0,0,0,0,0,0,0,0,0,0,0,0,0,0,0,0,0,0.08162254997118024,0,0,0,0,0,0,0,0,0,0,0,0,0,0,0,0,0,0,0,0,0,0,0,0,0,0,0,0,0,0,0,0,0,0,0,0,0,0,0,0,0,0,0,0,0,3.265489732930209,2.790645044600117,0.7155172413793104,1.0,0.8023040321096111,0,0.05269396551724126,0,0.5294117647058824,15.70939041147046,0.8597164057768868,3,0.8893857666579564,28.5242879738283,True,25.58713849666952,9.589074368143644,0.0,0.0,24.97437738277524,25.07378592644815,48.58751594246407,11.63572555567006,0.0,5.907179729351506,5.907179729351506,5.917906046161393,41.83676367971413,0,0.0,16.07615654378445,5.917906046161393,28.8935599164693,0.0,0,23.01049810503718,42.52114887400246,37.43640511019576,12.26321064007469,12.13273413692322,30.81823258476389,5.378345297953086,35.549644471002,8.919587519283379,2.502100056645962,5.588042513493001,3.582433561685352,0.0,2.346542041810215,0.6224069900718682,0.4170943932835016,1,0,0,0,0,0,0,0,0,0,0,0,0,0,0,0,0,0,0,0,0,0,0,0,0,0,0,0,0,0,0,0,0,0,0,3,1,0,0,0,0,0,0,0,2,0,0,0,0,0,0,0,0,0,0,0,0,0,0,0,0,0,0,0,0,0,0,0,0,0,0,0,0,0,0,0,0,0,0,0,0,0,0,0,0,0,0,0,0,0,0,0,0,0,0,0,0,0,0,5,0.1515151515151515,1.6487,0.06186868686868689,0.02567750677506775,0.02547008547008547,0.01705913134484563,0.01155956430191124,0.01030345088226862,0.007916952446273436,0.004844730129578615,0.875,84.32064632507371
24,22.75338582459364,1,0,2.475054470068866,1.300797886511545,4.367583820574693,549.602685818027,15,0,0,19,0,6,2,0,0,1,0,0,0,9.625,166.4837378867861,162.5358573316567,166.9756287753628,166.5908358997139,163.4866659219078,162.2702781979824,165.996856084757,0.1941460470314494,-0.3514738131162054,-0.03037614701135244,60.42187500000001,64.4045138888889,75.59027777777777,115.3107638888889,18.19618055555556,-99.79166666666666,-119.0763888888889,-107.953125,6.90755208333333,-2.471788194444448,0.1996527777777761,9.046440972222223,3.226128472222223,-6.35416666666667,-7.039930555555555,-7.904947916666666,-1.089952256944444,32.97532069830247,2.038532021604927,27.22004002700616,-14.64591772762346,-40.13768325617283,-43.02282262731481,18.11284722222218,32.04861111111111,130.5607638888889,130.4045138888889,-122.2430555555556,-143.6614583333333,367.3106682516801,880.9040493205543,-625.7856069777039,-287.5839547133511,2.225026999999998,-1.287051999999998,1.105378969194075,-2.36317258836761,-22.89652311635713,-14.11356470573921,1.622458694319,0.9548115545110623,15.74672889129914,-16.22665177175505,13.42559409253172,0.9485825138414928,0.706069177788131,0.8440656828102266,1.164410211617104,1.154240282685512,0.4071500582941934,0.8551026763792278,1.040261915824998,1.215308209630481,1.401790866034831,0.9392706460095698,0.7361411566977942,1.137675952698205,0.8613893853733535,0.8901696307968056,0.9199416720360793,0.9573454737123749,0.4766157249455648,-0.4357563862019083,1.881681831904782,0.9110217602513293,5.730986122729787,1.360815730248635,413.3973734514805,181.3095962070883,-1.871322186504752,-0.114487392953162,245.8502992301416,0.1773736710258914,0.1265058548110208,210.8096160572596,78.05631826678788,0,7,1,0,6,1,0,0.4110544158647975,0.0,0.4389389122908676,0.5360855216114814,0,0,0,0,0,0,0,0,5,0,0,0,5,0,0,0,0,1,0,0,3,0,0,1,0,1,0,0,0,0,0,0,0,0,0,0,0,0,0,0,0,0,0,0,0,0,0,0,0,0,0,0,0,0,0,0,0,0,0,0,0,0,0,0,0,0,0,0,0,0,0,0,0,0.4689167901777509,0,0,0,0,0,0,0,0,0,0,0,0,0,0,0,0,0,0,0,0,0,0,0,0,0,0,0,0,0,0,0,0,0,0,0,0,0,0,0,0,0,0,0,0,0,3.236655722474175,3.236655722474175,0.6810344827586207,1.0,0.8170505787804608,0,0.03703585995020919,0,0.4583333333333333,11.38176148230141,0.5427890560910832,2,0.9179343937807731,28.7251885460537,True,10.42331599884704,4.400694606261793,5.261891554738487,0.0,43.73392667478866,24.85634959530012,12.26606488440535,28.53964032619411,5.824404497999927,0.0,0.0,5.917906046161393,5.316788604006331,0,17.58755380564066,0.0,23.06623975473805,42.46209679039887,17.16550971361612,0,10.20827782550985,23.67983288470359,25.68328649170404,6.06636706846161,0.0,26.33794547964023,15.18481765243021,24.43844422530552,21.60234350512798,0.9886595440001416,5.148945873463578,8.132022801597255,0.0,1.766387764500722,0.6036839974870368,0.3656924913971248,1,0,0,0,0,0,0,0,0,0,0,0,0,0,0,0,0,0,1,0,0,0,0,0,0,0,0,0,0,0,0,0,0,0,0,1,0,0,0,0,0,0,0,0,0,0,0,0,0,0,0,0,0,0,0,0,0,0,0,0,0,0,0,0,0,0,0,0,0,0,0,0,0,0,0,0,0,0,0,0,0,0,0,0,0,0,0,0,0,0,0,0,0,0,0,0,0,0,0,5,0.15625,3.512980000000002,0.0740740740740741,0.03846253229974161,0.02622222222222222,0.01915227629513344,0.0141234984984985,0.01212429416210929,0.009138197105151128,0.007069771791994014,0.875,78.59006583063847
